id,date_gmt,title,slug,type,content,excerpt,author_id,author_name,author_is_staff,editor,comments_count,categories,tags,is_sponsored,sponsor_name,show_ads,is_subscriber_exclusive,is_paywalled,is_inappbrowser,read_time
736345,2022-03-08T09:30:27,A Crypto King leads his followers astray,crypto-king-leads-followers-astray,post,"Sign up for the Daily Newsletter, sent exclusively to our Premium subscribers. We break down the big and messy topics of Asia‚Äôs tech and startup community. Get the newsletter in your inbox everyday with a Premium subscription. Additionally, we‚Äôre commemorating International Women‚Äôs Day this week on Tech in Asia. You can find the great content around the occasion here.Hello reader,Happy International Women‚Äôs Day! Nearly 100 years ago, March 8 was officially designated as a day of recognition for women, celebrating their achievements across all aspects of life as they work toward greater gender equality.The world has changed tremendously since then ‚Äì great strides have been made in the name of equality around the world, and we‚Äôre seeing many incredible women come up, break traditional molds, and drive change.However, there‚Äôs more that needs to be done to truly level the playing field, and we all have a part to play in this journey.That‚Äôs why this week on Tech in Asia, we‚Äôre looking to make a difference by driving female representation in Southeast Asia‚Äôs tech and startup scene and highlighting the stories of amazing women in the space who have broken barriers and achieved success.Our COO, Maria Li, kicked off this effort on Monday with an amazing list of 100+ Women in Power in the region, and we‚Äôve got lots of other great content coming up on the site over the next few days to mark the occasion.Be sure to check it out! In the meantime, we‚Äôve got the latest news summed up for you as always.Today we look at:How crypto influencing can go wrong What fresh funding will do for this loyalty and ecommerce platform Other newsy highlights such as this former Coinbase exec‚Äôs new startup in Singapore and this investment firm‚Äôs new VC arm Premium summaryWhen crypto influencing goes badImage credit: Timmy LoenIf you‚Äôre on social media these days, there‚Äôs no lack of content around cryptocurrency trading and other related fields such as NFTs. In Singapore, it‚Äôs pretty common to see social media influencers talking about digital coins and the like, which has led to some legal and ethical concerns.The Crypto King: An example of this in action is the story of Ryan Tan, co-founder of Night Owl Cinematics, a YouTube channel and production firm known for its lifestyle and comedy videos. In late 2021, Tan started posting about crypto on his Instagram stories, talking about his two-week foray into NFTs and play-to-earn (P2E) games. He also shared a link to help his followers set up accounts on the popular Metamask crypto wallet as well as two centralized crypto exchanges and created Telegram groups for followers to get into crypto under his guidance.Not an expert: In the time since Tan first invited followers to invest their money into the two P2E games he promoted, both tokens have crashed, and Tan has not posted about them or made appearances in the crypto-related Telegram channels he runs. When he was confronted about his actions earlier in the year after the first crash, Tan maintained that any losses were not his fault and that he had only shared his own thoughts and opinions on these games.The power of an influencer: Experts have a different take on the situation. Many believe crypto influencers should have relevant experience in the sector before even promoting anything, and some law experts say Tan could be liable for the losses experienced by his followers because of his actions.Read more: Singapore‚Äôs ‚ÄòCrypto King‚Äô has no clothesStartup spotlightZapping your way to successPhoto credit: ZapKa-ching! Zap, a Philippine-based loyalty and e-store platform, has raised an undisclosed amount in series A funding from True Digital Group, the digital arm of Thai telco major True Corporation.Launched in 2012, Zap has been helping food and beverage (F&amp;B) merchants add rewards and loyalty programs to their businesses. In June 2020, in partnership with Shopify, the firm launched its e-store service that helps clients accept, fulfill, and deliver orders.It‚Äôs grown pretty well ‚Äì the firm works with over 4 million users and 2,000 stores on its F&amp;B program, and just a little over a year since its launch, the company‚Äôs e-store service has grown 5x to onboard 483 F&amp;B companies in the Philippines.The fresh funding will enable Zap to add new features to its end-to-end platform, such as richer analytics and remarketing and targeting features to help partners foster better customer relationships.Quick bytes1Ô∏è‚É£ G is for GomuSpencer Yang, a former executive at US-based cryptocurrency exchange Coinbase, has announced that he has left the firm to launch a new Web3-focused company in Singapore called Gomu. Gomu is a gateway for wallets, apps, and services based on Web3, creating APIs and software development kits for developers and companies to help them offer NFT commerce, token swaps, liquidity pools, social, and other crypto functionalities to users.2Ô∏è‚É£ Into investments we goSingapore-based Transport Capital, an investment management firm focused on the maritime and aviation industries, has launched its new venture capital arm TC Ventures. As part of the launch, the VC made its first two investments, backing Germany-based maritime jobs marketplace Turtle and France-based Everimpact, which measures and monetizes carbon emissions.3Ô∏è‚É£ The women leaders behind Southeast Asia‚Äôs top startupsThe value of having women in leadership positions is well documented. To mark International Women‚Äôs Day this year, here‚Äôs a list of women who run the show at Southeast Asia‚Äôs 30 top-funded companies.4Ô∏è‚É£ The troubles of MeeshoSocial commerce platform Meesho was riding high as a unicorn. However, it‚Äôs now weighed down by a change in strategy, high cash burn, intense competition, and unprofitable operations, leaving it staring down some tough questions from investors. This article dives into what went wrong for the startup.5Ô∏è‚É£ Making prosthetics affordableGaining access to prosthetic technology can be extremely challenging in emerging economies. That‚Äôs where Vietnam-based Vulcan Augmetics wants to make a difference. The company is combining traditional manufacturing processes with 3D printing and injection molding to create customizable and upgradeable prosthetics that are also affordable.6Ô∏è‚É£ From content to VRByteDance, the parent firm of short-video app TikTok, has decided to transfer two executives from its Douyin content product units to its virtual reality subsidiary Pico Interactive. This comes two days after the firm entered into a partnership with chip giant Qualcomm to develop an extended reality ecosystem ‚Äì the underlying technology that supports Metaverse services.","We explore what went wrong for Singapore‚Äôs ‚ÄúCrypto King,‚Äù and dive into what fresh funding will do for this loyalty and e-store platform.",242465,Stefanie Yeo,True,Jaclyn Tiu,0,['Newsletters'],"['3D printing', 'Bomb Crypto', 'ByteDance', 'coinbase', 'crypto', 'crypto in singapore', 'Crypto King Singapore', 'cryptocurrency', 'cryptocurrency exchanges', 'cryptocurrency in singapore', 'CryptoMines', 'Douyin', 'e-store', 'Everimpact', 'Gomu', 'india startups', 'India unicorn', 'Influencers', ""International Women's Day"", 'investment management', 'loyalty programs', 'Meesho', 'metaverse', 'Philippines startups', 'Pico Interactive', 'qualcomm', 'reward programs', 'robotics', 'Ryan Tan', 'Singapore Startups', 'Social Commerce', 'social commerce in India', 'Social commerce platform', 'social media influencers', 'spencer yang', 'Startup Funding', 'Startup Fundraising', 'TC Ventures', 'TikTok', 'Transport Capital', 'Turtle', 'VC', 'VCs', 'Vietnam Startups', 'Vulcan Augmetics', 'web3', 'women leaders', 'women leaders at startups', 'zap']",False,,True,False,True,False,5
736591,2022-03-08T08:59:57,"China eyes ‚Äòsevere punishment‚Äô for illegal fundraising via NFTs, metaverse",china-eyes-severe-punishment-illegal-nft-metaverse-fundraising,post,"China is eyeing ‚Äúsevere punishment‚Äù for crimes such as money laundering and illegally raising funds through metaverse and NFT projects, Forkast reported, citing a statement from the prosecutor general‚Äôs office, the Supreme People‚Äôs Procuratorate.Zheng Xinjian, director of financial and economic crime at the Supreme People‚Äôs Procuratorate, also said in an interview with local media that current legal systems need new proposals to keep up with newer forms of illicit financial activities.The development comes as the People‚Äôs Bank of China eyes a tighter grip on NFTs and the metaverse. Gou Wenjun, the central bank‚Äôs director of the anti-money laundering unit, had previously said the novel tech could be misused for financial crime.State media has also been outspoken regarding warnings on crypto-related crimes.See also: How India‚Äôs tech titans square up against Chinese peers",The development comes as the People‚Äôs Bank of China eyes a tighter grip on NFTs and the metaverse.,270460,Miguel Cordon,True,Collin Furtado and Lorenzo Kyle Subido,0,"['Blockchain', 'News']","['blockchain', 'briefing', 'China', 'china vs tech giants', 'cryptocurrency', 'metaverse', 'nft', 'NFTs']",False,,True,False,True,False,1
736583,2022-03-08T08:58:28,GuildFi to pump $880k into YGG SEA-backed P2E game,guildfi-pump-880k-apeiron,post,"GuildFi ‚Äì a Web3 ecosystem of games, non-fungible tokens (NFTs), and communities ‚Äì has committed to invest US$880,000 into Apeiron, an NFT-based play-to-earn game by Singapore-based gaming firm Foonie Magus.Photo credit: ApeironIn Apeiron, players act as godlings (newborn gods) and take over planets full of Doods. Every planet offers a different gameplay experience and a unique NFT. Players can earn a variety of tokens and additional NFTs by playing the game.With the investment, GuildFi will receive anOmega Class Major Constellation NFT pack in Apeiron, which involves a multitude of in-game assets including playable planet NFTs, customized GuildFi NFTs, star (Apeiron‚Äòs term for in-game land) NFTs, and tokens. The GuildFi constellation is made up of 13 star NFTs and will be one of the largest constellations in thegame.Last week Yield Guild Games Southeast Asia and Infinity Ventures Crypto also committed to invest US$750,000 in Foonie Magus.Apeiron is currently valued at US$80 million, and its first NFT presale is slated for the end of the first quarter of 2022. The game is set to launch late this year.See also: An SG gaming firm‚Äôs breakout moment after years of quiet success","Last week YGG SEA and Infinity Ventures Crypto committed to invest US$750,000 in Foonie Magus, the creator of Apeiron.",589814,Samreen Ahmad,True,Collin Furtado and Jaclyn Tiu,0,"['Blockchain', 'Gaming', 'Investments', 'News']","['Apeiron', 'blockchain', 'Foonie Magus', 'funding brief', 'gaming', 'guildfi', 'metaverse', 'nft', 'Singapore']",False,,True,False,True,False,1
736582,2022-03-08T08:50:38,YGG ü§ù Philippine digibank for financial services to P2E communities,ygg-uniondigital-web3-push-philippines,post,"Yield Guild Games (YGG), a blockchain-focused gaming startup based in the Philippines, has signed a memorandum of association with UnionDigital, the digibank unit of Union Group.YGG co-founder Gabby Dizon / Photo credit: YGGThe deal aims to make financial products and services accessible to the play-to-earn (P2E) and Web3 communities in the Philippines. The announcement of the partnership was made at YGG‚Äôs first managers summit, which addressed best practices for onboarding, organizing, and incentivizing scholars.Scholars are gamers who use YGG‚Äôs assets to generate revenue from P2E games. YGG aims to onboard over 100,000 scholars by the end of 2022.In November 2021, the Philippines‚Äô Securities and Exchange Commission approved the incorporation of UnionDigital. The firm secured a digital banking license from the country‚Äôs central bank, Bangko Sentral ng Pilipinas (BSP), in a bid to expand its consumer reach as more customers turned to online financial services amid the pandemic.See also: The Philippines: Asia‚Äôs next crypto hub?Apart from UnionDigital, the BSP awarded digital banking licenses to Overseas Filipino Bank, Tonik Digital Bank, UNObank, GOtyme, and Maya Bank.In its managers summit, YGG also announced the installation of YGG Terminals, which are physical community hubs where YGG guild members can lounge and play P2E games. ‚ÄúOur terminals will be part-coworking space, part-tournament venue, part-crypto exchange, and part-learning facility, and importantly be co-owned and operated by our community,‚Äù said Luis Buenaventura, Philippine country manager of YGG.","YGG aims to onboard over 100,000 scholars by the end of 2022.",470877,Deepti Sri,True,Collin Furtado and Lorenzo Kyle Subido,0,"['Blockchain', 'Investments', 'News', 'Startups']","['blockchain', 'deal', 'digital banking', 'gaming', 'memorandum of undesatnding', 'Philippines', 'play to earn', 'scholars', 'UnionDigital Bank', 'web3', 'ygg']",False,,True,False,True,False,2
736517,2022-03-08T08:00:42,SG blockchain üéÆ firm scores $1.2m in pre-seed funding,gamepay-pre-seed-funding,post,"Gamepay, a Singapore-based blockchain firm, has raised US$1.2 million in pre-seed funding from Seier Capital and 8i Holdings.Image credit: GamepayFounded by former banker Daniel Dos Santos in 2021, Gamepay provides a platform for developers to launch play-to-earn (P2E) games.Later this month, the company will launch an non-fungible token marketplace for its own P2E game, Chickey Chik. Aside from that, it also will sell NFTs on the Opensea marketplace and make its token available on decentralized exchanges.Gamepay will use the fresh funds for development purposes and plans to raise a series A round after the NFT sale has concluded.See also: The Philippines: Asia‚Äôs next crypto hub?","Gamepay will soon launch an NFT marketplace for its own P2E game, Chickey Chik.",86192,Aditya Hadi Pratama,True,Collin Furtado and Eileen C. Ang,0,"['Blockchain', 'Investments', 'News', 'Startups']","['chickey chik', 'daniel dos santos', 'funding brief', 'gamepay', 'gaming startups', 'nft', 'Singapore']",False,,True,False,True,False,1
735806,2022-03-08T08:00:23,The entrepreneurial experience of SEA‚Äôs female founders,entrepreneurial-experience-seas-female-founders,visual-story,"Southeast Asia‚Äôs potential ‚Äì and success ‚Äì as a startup ecosystem is well-documented. There‚Äôs no doubt that founders from the region are capable of building thriving businesses that can compete on the global stage.However, even as Southeast Asia‚Äôs startup scene matures, it still has some work to do. For instance, there‚Äôs a stark gender imbalance among the founders of its rising startups. According to Tech in Asia data, only seven out of the region‚Äôs 80 top-funded startups have a woman in their founding teams, even though women make up 42% of the workforceand half of the population.Women founders have also reported challenges with accessing funding and marketsas well as contending withlong-standing biases about their capabilities and strengths.Nevertheless, it‚Äôs an exciting time to be a founder in Southeast Asia, especially for female founders, who are carving out new paths for themselves.As part of our 2022 International Women‚Äôs Day campaign, Tech in Asiadecided to explore the experiences of the region‚Äôs female founders by conducting a qualitative survey.To understand their lived experiences, we went beyond the numbers and gathered insights from the anecdotes they shared. We then analyzed their responses and sorted them thematically, identifying common themes that emerged from the stories of these founders.We received nearly 60 responses for our survey and interviewed seven founders to gain a deeper perspective.While this survey is not representative of all female founders in Southeast Asia, we hope it offers a snapshot of their journeys and gives a closer look into what it means to be a woman in the region‚Äôs tech and startup ecosystem. Starting up isn‚Äôt easy, but anything worth doing is well worth the effort.Survey and interview responses have been edited for brevity and clarity.Entrepreneurship is often described as being a rollercoaster ‚Äì with good reason. Regardless of race, gender, industry, or geography, founders will agree: There are plenty of highs and just as many lows. We asked our survey respondents what they thought were the best and hardest aspects of the startup founder life, and we captured a breadth of experiences.Five key themes emerged around the best part of being a founder: innovation, freedom, impact, inspiration, and passion.ÔªøA majority of our respondents cited how satisfying it was to innovate and create, while some expressed how much they enjoy the freedom that comes with being an entrepreneur. For others, making an impact, sparking inspiration, or pursuing their passion via their startups is what they like the most about being a founder.There were a handful of responses that didn‚Äôt fall within these five categories, such as how entrepreneurship allows them to embark on a journey of learning or be different from the crowd.ÔªøÔªøBut of course, starting up isn‚Äôt all roses. When our respondents were asked about the hardest part of their entrepreneurial journeys, over a quarter of them talked about how work can get overwhelming and the negative effects of such a burden. They also mentioned the loneliness, self-doubt, fear, pressure, and volatility that come with taking this path.ÔªøOther responses discussed the complications of scaling a business, people issues, and dealing with VCs.Running your own business is hard, but some parts of it are much harder than others, especially for women entrepreneurs.‚ÄúEvery entrepreneurial journey is unique, regardless of whether you are a female or a male founder. Women, however, may experience these challenges in different ways than men,‚Äù says Susli Lie, partner at Monk‚Äôs Hill Ventures and co-founder of education finance firm ErudiFi. ‚ÄúThe lived experience of many women I have spoken to suggests that these challenges are very real, albeit nuanced. Some of these challenges are a result of self-limiting beliefs and often perpetuated by our society, both socially as well as in professional settings.‚Äù Broadly speaking, the most common stumbling blocks standing in the way of our survey participants were talent, leadership, bias and doubt, and funding.TalentLike any entrepreneur in any industry, our respondents grapple with bringing in people with the right skills and mindsets, given the constraints over money and resources. Over 33.3% of female founders named talent as the most significant challenge they‚Äôve encountered so far.LeadershipRoughly 17.5% of the founders we surveyed cited leadership-related struggles as their greatest challenge. Most are going at it for the first time and find they have to steer a company towards success while juggling everyday responsibilities.‚ÄúThere‚Äôs so many things happening at all times, and trying to really keep a clear head with everything that‚Äôs going on can be super difficult, since there‚Äôs so many other things that you need [to do] to manage this company as well,‚Äù shares Jane von Rabenau, CEO at Indonesian retail startup Siklus. Bias and doubtAbout 17.5% of the respondents said that apart from bias, they also deal with doubt stemming from internal battles ‚Äì feeling imposter syndrome or second-guessing one‚Äôs decisions ‚Äì and external sources, such as investors, potential customers, and even family and friends.Bias is a typical hurdle for female founders in Southeast Asia ‚Äì an issue that we‚Äôll delve into later in this piece.FundingOver 14% of our survey participants discussed the difficulty of securing funds. This corresponds with larger trends observed in the industry: Women-led firms raised just 16.5% of the US$8.6 billion that went into Southeast Asian startups in 2020, and funding into women-led startups also dropped globallybetween 2019 and 2020.There are several reasons why female founders don‚Äôt raise as much funding as their male peers.Some respondents noted that female founders tend to be more risk-averse and more conservative with their numbers. While this cautiousness has helped them build and lead profitable, sustainable businesses, it can work against them during pitches with investors, who are typically focused on growth. Meanwhile, others cited biases against women founders and problems with forging the connections required to get their foot in the door.Over 77% of our respondents felt that being female has made a difference in their entrepreneurial journeys. They regard it as a positive element, particularly crediting how women can tap into empathyto produce results and propel their companies to success.‚ÄúIt allows you to ‚Äã‚Äãbe able to understand the other side and get to the finish line, get to that agreement,‚Äù says Xendit‚Äôs Wijaya.Empathic leadership also influences how female founders approach other aspects of running a startup, such as hiring and managing teams.‚ÄúWomen can bring a different perspective to the workplace, thus adding a diversity of opinion and representation,‚Äù adds Monk‚Äôs Hill Ventures‚Äô Lie.Other respondents identified positive differences such as the sense of community that comes from being a female founder and opportunities like women-focused accelerators or incubator programs.On the flip side are some negative elements such as biases against female founders. Of the respondents who said that being a woman made a difference, over 36% said that they were underestimated and had trouble making their voices heard and getting their foot in the door. Meanwhile, approximately 13% shared that it made fundraising harder.Other negative differences included feeling a greater penalty for prioritizing work over their personal lives and wrestling with more doubt than their male peers.Nearly 72% of the female founders we surveyed said they have encountered some form of bias on their entrepreneurial journeys. This was not limited to gender ‚Äì they also pinpointed biases around age, education, and the industries they were operating in.ÔªøFounders also reported being seen as too old or too young to be in business, faced skepticism about their education or work background, and misconceptions about the markets and industries they operate. These biases don‚Äôt exist in isolation, and they‚Äôre often compounded on a founder‚Äôs journey.‚ÄúThere‚Äôs a constant questioning of how young I am or how inexperienced I might be,‚Äù shares Sriram of Shiok Meats. She also had to deal with assumptions about what she and her co-founder, Ka Yi Ling, aimed to do and the niche market they wanted to enter.‚ÄúWhen we first started out, we had a number of people tell us: ‚ÄòOh, this is so new! You guys are great scientists ‚Äì you‚Äôve worked at ASTAR. Why would you leave your high-paying jobs to do this? Have you gone crazy? Nobody has heard of cell-based meat in Southeast Asia. You‚Äôll never raise money; you‚Äôll never form a company,‚Äô‚Äù she adds.Carmina Bayombong, founder and CEO of education fintech company InvestEd, echoes this sentiment.‚ÄúThere‚Äôs unconscious bias when you‚Äôre female. There‚Äôs another layer of unconscious bias when you‚Äôre an impact entrepreneur‚Äì I experience double the bias,‚Äù she contends.Much has been said about driving entrepreneurship in Southeast Asia, but what about getting more women into the scene? Our respondents think that better support networks, investments, representation, and education are necessary to make that happen.Over 33% of respondents said that having more communities that can offer resources and guidance to female founders as well as women-focused training programs and grants are instrumental to encouraging more women to go into entrepreneurship.Investments are also vital, with nearly one-fifth of respondents highlighting it as a key driver. Funding would open up more opportunities for female founders and enable them to take the first step in getting their businesses off the ground.Greater representation matters as well, with more than 17% of respondents saying that showcasing stories of female founders at all stages of the journey would help inspire new entrepreneurs. After all, it‚Äôs hard to be what you cannot envision.Around 7% of respondents believe that education could serve as a stepping stone to entrepreneurship. The work needs to start in schools, where young women can be encouraged to go into STEMfields, seek mentorship, and find support to dream bigger and take more risks.Aside from these four main elements, working to eliminate bias and creating an ecosystem that can support women in the workforce at a structural level can help put more women on the entrepreneur path.The founders we surveyed are bullish on the future of female entrepreneurship in Southeast Asia. The overall sentiment is that as the ecosystem flourishes, gender parity and equality becomes more attainable, and more women join the space, a brighter tomorrow lies ahead.Over 33% of respondents said that the growth of a greater ecosystem around female founders is one of their aspirations. They want to have more community networks and support as well as funding and opportunities. They also advocate for a ‚Äúvirtuous cycle,‚Äù where successful entrepreneurs mentor and reinvest in a new generation of founders.More than 31% of respondents are eager to see more women starting up, making headlines for their success, and building great businesses.And approximately 26% hope that Southeast Asia‚Äôs startup scene will achieve true equity and equality.This includes moving past biases, seeing more women in leadership positions and getting access to opportunities as much as male founders do. And beyond just having the unique experiences and perspectives of women be cherished and acknowledged, they envision a future where female entrepreneurship isn‚Äôt anything remarkable in and of itself, but just a fact of life.We asked our respondents to share some advice for other women who also want to walk the path of entrepreneurship. While they talked about different aspects of their journey, they all had one thing to say if you‚Äôre thinking about starting up: Just do it. It‚Äôs an incredible time to be a founder in Southeast Asia, and the future is certainly a bright one.ÔªøÔªøÔªøÔªøÔªøÔªøÔªøÔªøÔªøA huge thank you to all the female founders who participated in this survey and shared their stories with us ‚Äì this wouldn‚Äôt have been possible without you.This content was produced by Tech in Asia Studios, which connects brands with Asia‚Äôs tech community. Learn more about partnering with Tech in Asia Studios.","Nearly 60 female founders weigh in on their entrepreneurial journeys: the highs, the lows, and everything in between.",362928,TIA Visuals,True,,0,"['Premium Content', 'Visual Stories']","['female founders', 'female-entrepreneurship', ""International Women's Day"", 'iwd2022', 'Southeast Asia', 'women entrepreneurship', 'women founders']",False,,True,True,True,False,10
736497,2022-03-08T06:28:21,Ex-Facebook execs‚Äô message management firm gets Surge backing,exfacebook-leads-messaging-management-firm-secures-surge-backing,post,"Taiwan-based Cooby, a conversation management tool, received funding from Sequoia India‚Äôs Surge and Pear VC, to take its total fundraising to US$2.9 million to date. Cooby is Surge‚Äôs first investment in a Taiwan-based startup.Cooby founders Wen Shaw (left) and Jocelin Ho / Photo credit: CoobyFounded in 2020, Cooby helps sales management teams with syncing data, analytics services, and setting up a WhatsApp work number. The company also adds collaborative features to WhatsApp and Line with Cooby Workspace, aggregating all customer contacts, providing teams with actionable analytics, and enabling a smoother flow of data.Since last October, Cooby has expanded its consumer base to Germany, India, Indonesia, Singapore, and the US. ‚ÄúAdditionally, in the last three months, we‚Äôve seen the user base of our WhatsApp inbox productivity Chrome extension grow by 350%, and it is now being used in 80-plus countries,‚Äù said Wen Shaw, CEO and co-founder of Cooby.Before co-founding Cooby, Shaw had worked as a product manager at Facebook and Dropbox. Jocelin Ho, Cooby‚Äôs other co-founder, had also worked as a tech lead at Instagram and Facebook.See also: WhatsApp could be incubating the region‚Äôs next billion-dollar startupCooby took part in Surge‚Äôs sixth cohort of 20 companies, which was announced earlier this year.","Cooby helps sales management teams with syncing data, analytics services, and setting up a WhatsApp work number.",270460,Miguel Cordon,True,Collin Furtado and Arpit Nayak,0,"['Investments', 'News', 'Startups']","['Cooby', 'customer conversation', 'Funding', 'funding brief', 'messaging', 'pear vc', 'Sequoia India', 'Social Commerce', 'Startup Funding', 'surge', 'Taiwan']",False,,True,False,True,False,1
704739,2022-03-08T06:26:58,A list of SEA‚Äôs unicorns and their early investors (Updated),list-southeast-asias-unicorns-early-investors,post,"This is the latest version of the article that was previously published on February 8, 2022.Eight years ago, Aileen Lee, a venture capitalist at Cowboy Ventures, came up with the term ‚Äúunicorn‚Äù to describe a startup with a valuation of US$1 billion or more.Today, a host of Southeast Asian startups have broken into this elite club, thanks to a surge in funding from venture capitalists, corporations, and other investors looking to claim a stake in the region‚Äôs growing tech startup ecosystem.Image credit: Timmy LoenThe success of companies like Sea Group, Gojek, and Grab has spurred this wave of interest in the space.As a result, the region now has 48 such unicorns (which also includes a number of decacorns ‚Äì startups valued at U$10 billion or more), according to Tech in Asia‚Äôs analysis.ÔªøOver the past few years, the number of new unicorns born annually in Southeast Asia has grown steadily. In fact, 2021 has already been a record year for startups in the region, with at least 25 companies hitting the US$1 billion mark in 2021. Darwinbox was the first regional unicorn in 2022.When it comes to the geographical split, a majority of Southeast Asian unicorns are based in Singapore, followed by Indonesia, and Vietnam. Thailand and Malaysia both gave birth to their first unicorns this year.So far, Sequoia and 500 Startups have backed the most number of unicorns from Southeast Asia. Meanwhile, Accel, Alpha JWC Ventures, East Ventures, Vertex Ventures, Golden Gate Ventures, Heliconia Capital Management, SoftBank, and Goldman Sachs follow closely behind.","Southeast Asia has 48 unicorns, which also includes a number of decacorns ‚Äì startups valued at U$10 billion or more, according to Tech in Asia‚Äôs analysis.",470877,Deepti Sri,True,"Terence Lee, Collin Furtado, and Arpit Nayak",0,"['Investments', 'News', 'Premium Content', 'Startups']","['500 startups', 'Accel', 'alpha jwc ventures', 'axie infinity', 'corporations', 'Decacorns', 'GDP Venture', 'Gojek', 'Grab', 'investors', 'Sea Group', 'Sequoia', 'Sky Mavis', 'Southeast Asia', 'Southeast Asia unicorns', 'startups', 'Tokopedia', 'unicorns', 'venture capitalists', 'Vertex Ventures']",False,,True,True,True,False,2
736513,2022-03-08T06:02:24,Taiwanese data mesh firm raises $3.5m in pre-series A,taiwanese-data-mesh-firm-raises-35m-preseries,post,"Taiwan-based Canner, a software-as-a-service provider focusing on data meshes, has raised US$3.5 million in a pre-series Around led by Taiwania Capital, with Hive Ventures and SparkLabs Taipeiparticipating.Canner team / Photo credit: CannerCanner helps convert business-facing data to application-ready data. Its platform simplifies building next-generation applications on cloud data warehouses.The company was founded by Howard Chiand William Changin 2018. Its latest raise will go toproduct development, local and international marketing efforts, and internal team expansion.Canner currently supports cloud sellers Amazon Web Services, Google Cloud Platform, and Azure, with plans to team up with cloud data warehouse providers such as Redshift, Snowflake, and BigQuery.While 75% of business leaders worldwide eye using digital platforms and ecosystem capabilities by 2025, only 21% are currently considering data as a form of capital.",Canner helps convert business-facing data to application-ready data.,572228,Roehl Ni√±o Bautista,True,Miguel Cordon and Lorenzo Kyle Subido,0,"['Business-to-business', 'Investments', 'News']","['Canner', 'cloud data', 'data', 'data mesh', 'Funding', 'funding brief', 'Hive Ventures', 'sparklabs taipei', 'Taiwan', 'Taiwania Capital']",False,,True,False,True,False,1
736388,2022-03-08T06:00:27,6 Questions with Globalization Partners‚Äô Jess Dodge,6-questions-globalization-partners-jess-dodge,video,"This video is part of ‚ÄúBreak the Bias,‚Äù Tech in Asia‚Äôs campaign for International Women‚Äôs Day 2022. Through this initiative, we‚Äôre shining the spotlight on the women who are breaking barriers and achieving success in Asia‚Äôs tech and startup ecosystem.‚ÄúIn tech, a lot of people think that if they provide women with the opportunities, that‚Äôs all that‚Äôs needed. The reality is that women need to have the confidence to take advantage of those opportunities,‚Äù says Jess Dodge, chief growth officer of Globalization PartnersWhat are some of the biases that women in tech face? And what can everyone do to be more aware of these issues? Dodge shares her insights in this special episode of 6 Questions With.Globalization Partners enables companies to hire global remote teams in a matter of days with its AI-driven and fully compliant employment platform.Learn more about how it can help your global hiring needs by visiting the Globalization Partners website.This content was produced by Tech in Asia Studios, which connects brands with Asia‚Äôs tech community. Learn more about partnering with Tech in Asia Studios.",The chief growth officer of Globalization Partners shares her insights on the various issues women face in the tech industry.,584689,Jane Stephanie,True,Lorenzo Kyle Subido,0,"['TIA Partnership', 'Videos']","['global employment', 'global employment platform', 'Globalization Partners', ""International Women's Day"", 'iwd2022']",True,Globalization Partners,False,False,False,True,1
736193,2022-03-08T05:00:16,How India‚Äôs tech titans square up against Chinese peers,indias-tech-titans-square-chinese-peers,visual-story,"Image credit: Timmy LoenHours before India‚Äôs inaugural national startup day, the country‚Äôs prime minister, Narendra Modi, declared that startups were ‚Äúgoing to be the backbone of a new India.‚ÄùModi‚Äôs exuberance comes as India‚Äôs startup ecosystem reaches new heights. In a recent speech, he noted that the number of startups based in India had skyrocketed from to 60,000 from less than 500 in 2017. Last year, the country also welcomed 42 new unicorns.While India now mints new unicorns almost as quickly as China, there‚Äôs still a gulf between the startup ecosystems of the two neighbors.Not quite toe to toe yetUnlike China, many of India‚Äôs top tech companies today are spin-offs ‚Äì like Tech Mahindra and Tata Consulting ‚Äì from large, family-owned conglomerates. All of these firms were established between 1968 to 2000.These spin-offs all operate in the IT services sector and are the largest Indian tech companies by market value. Tata Consulting, for example, largely provides tech consulting and business process outsourcing services.Despite their age, India‚Äôs top 10 tech companies‚Äô combined valuation trailed their Chinese peers‚Äô as a percentage of their home countries‚Äô gross domestic product between 2016 to 2020. India nearly closed the gap with China in 2018, when the latter was locked in a trade war with the US.In absolute terms, the combined valuation of the top 10 Chinese tech firms is over fourfold that of their Indian peers.The contrast is even more stark when we look at the fifth to tenth largest Indian tech companies, which mostly comprise recent entrants like food delivery firm Zomato and digital payments provider Paytm. Here, Chinese tech companies‚Äô combined valuation is more than sevenfold that of their Indian counterparts.What‚Äôs holding India‚Äôs tech scene back?Essentially, India sets itself apart from China in two ways: a leaderboard dominated by stalwart tech spinoffs that don‚Äôt pull their weight in market value and a late boom in significantly smaller unicorns. But what explains these issues for the world‚Äôs fifth-largest economy?For one, large spinoffs like Tata Consulting and Tech Mahindra have been slow to pivot away from low-value legacy businesses that scale linearly. To grow them, employee headcounts must tick up.Although these industry titans have tried to decouple growth from headcount since 2013, stagnant operating margins suggest that these efforts have not yet borne fruit.Other factors, such as a weakening cost arbitrage advantage and clients‚Äô growing preference for automation and in-house operations, have also stunted the growth of India‚Äôs tech conglomerates.What about India‚Äôs late boom in relatively small unicorns? Here, India‚Äôs public sector appears to trail China‚Äôs in terms of support to startups.The duration of entrepreneurial finance policies active between 1995 to 2019 in India suggests that they could be outdated and less responsive to startups‚Äô fast-changing needs.One India-based founder Tech in Asia spoke to complained of ‚Äúmany hurdles to jump‚Äù and having to appeal to bureaucrats who ‚Äúrarely understand the product or opportunity.‚Äù The founder declined to be named.In contrast, China‚Äôs government has been more proactive in supporting startups.Since launching a broad startup ecosystem development strategy in 2015, China climbed the ranks of the global innovation index, going from the 35th spot in 2013 to the 14th position in 2020. Today, the country ranks 12th among 132 economies worldwide.Trends in China and India‚Äôs information and communications technology (ICT) patent grant rate in recent years also reveal a gulf in innovation. To quote Indian tech entrepreneur Vinayak Dalmia, India‚Äôs startup ecosystem is ‚Äútoo many apps and not enough innovation.‚ÄùMaking India Tech 2.0 workCan India‚Äôs new tech unicorns climb the leaderboard as their Chinese peers have?The good news is that Modi‚Äôs government has already doubled down on supporting the country‚Äôs startups.Earlier last month, the government allocated US$37.8 million to the flagship Startup India Seed Fund Scheme ‚Äì nearly three times bigger than earlier estimates.Other measures include simplifying tax procedures, allowing self-certification for select labor and environmental laws, and doing away with over 25,000 compliance regulations.Unlike many past initiatives that targeted specific demographics or industries, the country‚Äôs latest slew of support schemes for startups are founder and sector-agnostic.Still, it‚Äôll likely take more than just generous funding and easier compliance for India‚Äôs tech startups to square up to China‚Äôs. India‚Äôs leading entrepreneurship hubs also lag behind its neighbor‚Äôs in terms of talent availability, research and patent activity, and access to customers.Modi‚Äôs initiatives are just step one of three in developing the country‚Äôs startups. The path to building institutions that promote innovation and ‚Äúhandholding‚Äù young innovators may not be as clear-cut.","Legacy businesses still dominate Indian tech, but the government is turning its attention toward younger upstarts.",530158,Tay Tian Wen,True,Terence Lee and Arpit Nayak,0,"['Premium Content', 'Visual Stories']","['Asia', 'China', 'china vs tech giants', 'Chinese tech giants', 'data visualization', 'India']",False,,True,True,True,False,4
736448,2022-03-08T04:28:58,Una Brands to invest $100m into South Korea,singapores-una-brands-commits-100m-acquiring-sokor-brands,post,"Una Brands, a Singapore-based ecommerce roll-up firm, said it has committed US$100 million into South Korea over the next two years through a partnership with its local counterpart KlickBrands.Una Brands co-founders / Photo credit: Una BrandsTogether, Una Brands and KlickBrands will help companies across categories such as health, K-beauty, and home and living grow domestically and expand into Southeast Asian markets such as Indonesia, Malaysia, and Thailand.The two firms will invest the amount to partner with and scale at least 25 profitable ecommerce brands with revenues of up to US$50 million.According to a statement, Una Brands identified South Korea as a key market because of its large and still-growing ecommerce industry, which is expected to hit a market value of US$250 billion by 2025. Una Brands currently has a presence in Singapore, Australia, India, China, Indonesia, Malaysia, and Taiwan.Una Brands said that since its launch in 2021, it has acquired over 20 firms, with the earliest brands seeing increases in their sales and profits of over 50%. A couple of Una Brands‚Äô most recent acquisitions are those of ergonomic chair brandErgoTuneand adjustable desk retailerEverDesk+ in an eight-figure US-dollar deal.See also: Mapping the global boom of ecommerce roll-up firms","Through a partnership with KlickBrands, Una Brands will invest the amount to buy and scale at least 25 profitable ecommerce brands.",270460,Miguel Cordon,True,Collin Furtado and Lorenzo Kyle Subido,0,"['Ecommerce', 'Investments', 'News', 'Startups']","['Acquisition', 'Ecommerce', 'ecommerce rollup', 'klickbrands', 'korea', 'Singapore', 'South Korea', 'Una Brands']",False,,True,False,True,False,1
736439,2022-03-08T03:57:05,Wavemaker Partners closes fourth fund at $136m,wavemaker-partners-fourth-fund-136-million,post,"Southeast Asian VC firm Wavemaker Partners has closed its fourth fund at US$136 million, exceeding its target of US$120 million.Wavemaker Partners managing partner Paul Santos (left) and general partner Gavin Lee / Photo credit: Wavemaker PartnersWavemaker said the new fund is the largest of its kind that targets early-stage deep tech, enterprise, and sustainability startups in Southeast Asia. Returning limited partners such as Pavilion Capital, Temasek Holdings, the International Finance Corporation, and Vulcan Capital are anchoring the fund.In total, the VC firm currently has US$300 million in assets under management.Founded in 2012, Wavemaker Partners has invested in more than 170 companies, with around 150 of them in the deep tech, enterprise, and sustainability sectors. It has had more than 10 exits so far ‚Äì with a total value of over US$700 million ‚Äì which includes Gojek‚Äôs acquisition of Moka, 8√ó8‚Äôs acquisition of Wavecell, and Intuit‚Äôs acquisition of TradeGecko.The company raised US$111 million for its third fund in 2020 and US$66 million for its second fund in 2017. In October last year, it launched a US$25 million climate tech venture builder called Wavemaker Impact to help launch companies that aim to reduce 10% of global emissions by 2035.See also: The hidden alliances between Southeast Asia‚Äôs VCs, uncoveredAlong with the announcement, Wavemaker Partners also promoted Melissa Ho to principal and Phuong Tran to vice president of investments and Vietnam country head.","Wavemaker Partners has more than 10 exits so far, with a total value of over US$700 million.",86192,Aditya Hadi Pratama,True,Miguel Cordon and Jaclyn Tiu,0,"['News', 'Startups']","['gavin lee', 'International Finance Corporation', 'Paul Santos', 'pavilion capital', 'Temasek Holdings', 'vulcan capital', 'wavemaker partners']",False,,True,False,True,False,2
736427,2022-03-08T03:08:38,"Temasek, Tencent back $200m round of Australian NFT startup",immutable-200-million-funding,post,"Immutable, an Australia-based blockchain startup, has raised US$200 million in a series C round led by Temasek, with participation from Animoca Brands and Tencent.The deal pushes the company‚Äôs valuation to US$2.5 billion.Immutable‚Äôs leading team (from left): John Boris, Katherine Rau, Robbie Ferguson, James Ferguson, Alex Connolly, and Gill Findlay / Photo credit: ImmutableFounded in 2018 by James Ferguson, Robbie Ferguson, and Alex Connolly, Immutable‚Äôs main offering is a platform called Immutable X that helps companies build NFT trading services. The firm also develops and publishes NFT games such as Gods Unchained and Guild of Guardians.In a statement, the startup said its platform can process 9,000 transactions per second with zero gas fees. It currently counts prominent companies such as GameStop, TikTok, OpenSea, and VeeFriends as its clients.Along with the announcement, Immutable also named four new C-level hires: Airtree Ventures partner Gill Findlay as COO, former IfOnly CEO John Boris as chief growth officer, former Riot Games executive Justin Hulog as chief studio officer, and former Culture Amp executive Katherine Rau as chief people officer.Immutable aims to use the fresh funds to expand globally, further develop Immutable X, scale its gaming arm, tap new verticals, and explore M&amp;A opportunities. It also plans to hire 200 new employees over the next 12 months, adding to its current headcount of 165.See also: The Philippines: Asia‚Äôs next crypto hub?Other investors in Immutable‚Äôs latest round include:ParaFi CapitalPrinceville CapitalArrington CapitalMirae AssetLiberty GlobalKing River CapitalProsus VenturesAirTree VenturesDeclaration PartnersFabric VenturesPossible VenturesAlameda Research","Immutable said its platform can process 9,000 transactions per second with zero gas fees.",86192,Aditya Hadi Pratama,True,Miguel Cordon and Lorenzo Kyle Subido,0,"['Blockchain', 'Investments', 'News', 'Startups']","['Alex Connolly', 'Animoca Brands', 'Australia', 'immutable', 'James Ferguson', 'nft', 'Robbie Ferguson', 'Temasek', 'Tencent']",False,,True,False,True,False,2
734160,2022-03-08T03:00:51,This deck helped an Islamic fintech firm raise seed money,iman,visual-story,"Ôªø ABOUTImanis an Uzbekistan-based fintech firm that relies solely on halal sources of funding and allows people across the world to fund consumers‚Äô purchases directly at the point of sale.The company‚Äôs Islamic finance operations are certified sharia-compliant. It offers investment, peer-to-peer lending, as well as buy now, pay later products, all of which follow the murabaha structure ‚Äìan Islamic financing structure that works as a sales contract.Iman was founded by Rustam RahmatovandMark Zubov in 2019 and aims to become a super app catering to Muslim-majority markets by 2023.The fintech firm used this pitch deck to obtain seed funding.Fundraising journey2022: US$1 million in seed funding from Battery Road Digital Holdings, Tesla Capital, Uzcard Ventures, MyAsiaVC, Le Mercier‚Äôs Capital, Block0, Vector Crypto Capital, and IT-Park Investments.How is the deck compelling?The deck points out the problems that the Islamic community encounters and presents Iman‚Äôs financial services, which caters to their religious needs, as a solution.Iman clearly introduces its services and business model, along with risk management aspects.The deck also elaborates on how the firm will use its investment and the company‚Äôs road map.The presentation concludes by highlighting the key members and advisors of Iman.SOURCEDeck: IMAN",Iman offers fintech services that follow the¬†murabaha¬†structure ‚Äì¬†an Islamic financing structure that works as a sales contract. ¬†,470877,Deepti Sri,True,Collin Furtado and Jaclyn Tiu,0,['Visual Stories'],"['buy now pay later', 'fintech', 'Iman', 'Islamic finance operations', 'peer-to-peer lending', 'Pitch deck', 'shariah compliant']",False,,True,False,True,False,1
736432,2022-03-08T02:32:01,Grab pilots live shopping feature with BeLive,grab-pilots-live-shopping-feature-belive,post,"Regional super app Grab is piloting a live shopping feature with Singapore-based BeLive Technology, a livestreaming solutions provider.Image credit: BeLiveCalled Grab Live Beta, the pilot will enable merchants on Grab‚Äôs platform to engage with their customers in real time. Currently available in Thailand and Vietnam, the service includes a chat function and a virtual gifting feature that lets consumers support content creators and influencers.The development comes after BeLive‚Äôs recent S$6 million (US$4.4 million) bridge funding round. Before Grab, the livestreaming startup has also worked with businesses such as Zalora, Valiram Group, Changi Airport Group, Rakuten Group, and Bukalapak for similar programs.Operating from Singapore and Vietnam, BeLive has delivered 3.7 billion minutes of live video to over 100 million viewers globally.Grab Live Beta comes as complementing customer experiences with live video grows in popularity globally. A recent Shopify report found that 46% of would-be buyers want to watch product videos before purchasing and that 81% of companies are planning to increase or maintain investment in livestream commerce to drive sales over the next 12 months.See also: Grab‚Äôs financial health in 8 chartsCurrency converted from Singapore dollar to US dollar: US$1 = S$1.36.","Called Grab Live Beta, the pilot will enable merchants on Grab‚Äôs platform to engage with their customers in real time.",270460,Miguel Cordon,True,Lorenzo Kyle Subido,0,"['News', 'Startups']","['BeLive', 'belive technology', 'Grab', 'grab food', 'grab live', 'grab live beta', 'live sessions', 'livestreaming', 'Singapore', 'super-app', 'Vietnam']",False,,True,False,True,False,1
735829,2022-03-08T02:00:00,How to design gender bias out of leadership,design-gender-bias-leadership,video,"This video is part of ‚ÄúBreak the Bias,‚Äù Tech in Asia‚Äôs campaign for International Women‚Äôs Day 2022. Through this initiative, we‚Äôre shining the spotlight on the women who are breaking barriers and achieving success in Asia‚Äôs tech and startup ecosystem.Women face many biases in the workplace. However, simply conducting more unconscious bias training among staff won‚Äôt be enough to change that.For tangible change, we have to start looking at the data to identify where the roots of biases form and measurably design them out of the workplace.In the first episode of this three-part video series, we chat with Mercer CEO Godelieve Van Dooren, who has a decade of experience in HR consultancy and organizational design; Addo AI CEO and 21C Girls founder Ayesha Khanna; and Tech in Asia COO Maria Li about  these choking points and how we can change the narrative through design.","Women face many biases in the workplace. However, simply conducting more unconscious bias training among staff won‚Äôt be enough to change that.",661107,Candice Lee,True,Nathaniel Fetalvero and Arpit Nayak,0,"['Premium Content', 'TIA Originals', 'Videos']","['bias', 'diversity and inclusion', 'female leaders', 'female leaders in southeast asia', 'gender bias', 'gender diversity', 'iwd2022', 'women in tech']",False,,True,True,True,True,1
736196,2022-03-08T01:00:27,"Tiger Global, Sequoia back $50m round of Singapore voice AI startup",ai-rudder-50-million-series-b-funding,post,"AI Rudder, a Singapore-based AI startup, has raised US$50 million in series B funding from Tiger Global, Sequoia Capital India, and Huashan Capital.AI Rudder team / Photo credit: AI RudderFounded by Teng Ren and Kun Wu in 2019, AI Rudder provides voice-based AI solutions for B2C communications. It also supports more than 15 languages, including English, Chinese, Hindi, Tagalog, Thai, and Vietnamese.In a statement, the company said its revenue surged by 5x over the last 12 months. Its platform is currently used by 200 companies from various sectors such as banking, fintech, and ecommerce.AI Rudder plans to use the fresh funds to double its employees to around 300 people and serve more clients. It also aims to add Arabic, Cantonese, French, German, Japanese, Korean, and Portuguese to attract more companies.Soon, it aims to add new features, such as multifactor authentication as well as integrations with customer relationship management platforms.See also: Series SEA: Who‚Äôs investing in the region‚Äôs AI startups?In November last year, the firm raised US$10 million in a series A funding round co-led by Sequoia Capital India and Sequoia China Seed Fund. Aside from its headquarters in Singapore, AI Rudder also has offices in Shanghai and Jakarta.Other investors in AI Rudder‚Äôs latest round include:CoatueCathay InnovationFirst PlusVenturesLab",AI Rudder said its revenue surged by 5x over the last 12 months.,86192,Aditya Hadi Pratama,True,Miguel Cordon and Jaclyn Tiu,0,"['Investments', 'News', 'Startups']","['ai', 'AI Rudder', 'Cathay Innovation', 'Coatue', 'First Plus', 'Funding', 'funding brief', 'Huashan Capital', 'Sequoia Capital India', 'Singapore', 'tiger global', 'VenturesLab']",False,,True,False,True,False,1
736216,2022-03-08T01:00:20,Women-led SG software firm enters unicorn club with $121m raise,sg-womenled-saas-firm-enters-unicorn-club-121m-raise,post,"Singapore-based Insider, a B2B software-as-a-service platform, has raised US$121 million in series D financing at a valuation of US$1.22 billion.Investors in the round included Sequoia, Riverwood Capital, and 212 VC.Insider CEO Hande Cilingir / Photo credit: InsiderFounded in 2012, Insider helps enterprise marketers connect customer data across channels and systems to reveal interests and preferred touchpoints. It also predicts consumer behavior ‚Äì including customer segments that are likely to convert, buy, and churn ‚Äì with an AI-powered intent engine.The company was founded by Hande Cilingir, Serhat Soyuerel, Arda Koterin, Mehmet Sinan Toktay, Okan Yedibela, and Muharrem Derink√∂k.Insider said it is a female-led organization, with women making up 60% of the top executives in the company ‚Äì including its CEO, CFO, and chief human resources officer.The firm has operations in Australia, Korea, Hong Kong, Japan, Taiwan, Vietnam, Europe, Latin America, and the US. It aims to invest HK$155 million (US$19.8 million) into its Hong Kong unit over the next three years.See also: The female founders and leaders behind SEA‚Äôs top-funded startups‚ÄúInsider has aggressive global hiring plans and anticipates creating more than 50 jobs over the next three years, with an emphasis on hiring female engineers to fill R&amp;D (research and development) and product development positions,‚Äù the company said in a statement.The SaaS company serves clients in the Asia Pacific, including Singapore Airlines, Watsons, Puma, Samsung, Pizza Hut, Santander, and L‚ÄôOreal.Other investors in the round:Wamda CapitalEsas Private EquityEndeavor CatalystCurrency converted from HK Dollar to US Dollar: US$1 = 7.82.",Insider helps enterprise marketers in discovering customers‚Äô interests and preferred touchpoints.,470877,Deepti Sri,True,Miguel Cordon and Arpit Nayak,0,"['Business-to-business', 'Investments', 'News', 'Startups']","['Australia', 'B2B', 'europe', 'hiring', 'Hong Kong', 'Insider', 'Japan', 'korea', 'latin america', 'Marketing', 'SaaS', 'Singapore', 'Taiwan', 'US', 'Vietnam']",False,,True,False,True,False,2
675055,2022-03-08T08:00:00,50 rising startups in Korea,top-50-rising-startups-korea,post,"Which are the startups that are on the path to becoming the next big thing? One way to tell would be when they‚Äôve raised a new round. Using Tech in Asia‚Äôs data, we‚Äôve generated this constantly updated list of startups in Korea who‚Äôve recently raised funding.The list only includes companies up to the series E stage. Each item in the list includes key details about the funding round.Seeking more? Search the most comprehensive database of tech companies in Asia or read our Research methodology. For more auto-generated lists of rising startups, head here.We hope you enjoyed our premium content. If you‚Äôd like to get more people to read this by unlocking access of this article to non-subscribers, reach us at subscription@techinasia.com.",Check out this constantly updated list of startups in Korea that have recently raised funding.,181640,TIA Bot,True,,0,"['Investments', 'Premium Content', 'Startups']",[],False,,True,True,True,True,1
674324,2022-03-08T02:00:00,Meet the 50 top-funded startups and tech companies in Korea,meet-50-topfunded-startups-tech-companies-korea,post,"Which Korean tech companies are making the most impact? One way to judge ‚Äì although imperfect ‚Äì would be the amount of money they have raised. Using Tech in Asia‚Äôs data, we‚Äôve generated this constantly updated list of 50 startups and tech companies in Korea who have raised the most money from investors.To keep the list fresh, we‚Äôve only included funding data from the past two years.Seeking more? Search themost comprehensive database of tech companies in Asia or read our Research methodology.For more auto-generated lists of startup funding data, head here.",Check out this constantly updated list of startups in Korea who‚Äôve raised the most funding of late.,181640,TIA Bot,True,,0,"['Investments', 'Premium Content', 'Startups']",[],False,,True,True,True,True,1
736378,2022-03-07T13:26:51,Binance rolls out payments tech platform for mass crypto adoption,binance-rolls-payments-tech-platform-mass-crypto-adoption,post,"Crypto exchange Binance has rolled out Bifinity, a payments tech firm that will be its official fiat-to-crypto payments provider.Photo credit: Burdun / 123RFBifinity‚Äôs solutions will empower businesses to adopt crypto and reach new audiences with easy and direct fiat-to-crypto transactions, said the company.Bifinity has also partnered with Eqonex, a Nasdaq listed crypto exchange. Under the strategic partnership, Bifinity will advance a US$36 million convertible loan to Eqonex and the two firms will work together to maximize business synergies and capitalize on opportunities to further expand their businesses.In addition, Bifinity has also joined hands with payments platform Paysafe and payments processor Checkout.com, to grow the Web3 economy by expanding cryptocurrency access globally and enabling users to buy and sell crypto safely. Users can buy and sell more than 50 cryptocurrencies through fiat on and off ramps.‚ÄúBinance‚Äôs vision is to increase the freedom of money globally and through the launch of Bifinity, and with these strategic partnerships with Eqonex, Paysafe and Checkout.com, we aim to accelerate mass crypto adoption,‚Äù said Helen Hai, president of Bifinity.See also: Why angry investors are trying to sue Binance",Bifinity‚Äôs solutions will help businesses adopt crypto and reach new audiences with direct fiat-to-crypto transactions.,589814,Samreen Ahmad,True,Arpit Nayak,0,"['Blockchain', 'News', 'Startups']","['Bifinity', 'Binance', 'blockchain', 'crypto', 'crypto exchange', 'fiat to crypto', 'payments']",False,,True,False,True,False,1
736229,2022-03-07T12:44:22,Sequoia-backed fintech firm turns unicorn with $137m round,credavenue-joins-unicorn-club-137m-fundraise,post,"CredAvenue, an enterprise-focused debt marketplace, is the latest Indian startup to become a unicorn, raising US$137 million in a series B round led by Insight Partners, B Capital Group, and Dragoneer Investment Group. CredAvenue‚Äôs existing investors also participated.The latest round values CredAvenue at US$1.3 billion.Photo credit: CredAvenueCredAvenue‚Äôs marketplace connects enterprises with lenders and investors. Its platform has more than 2,300 businesses and over 750 lenders. The firm has facilitated the lending of 900 billion rupees (US$11 billion) to date.The startup was founded in 2020 by Gaurav Kumar and Vineet Sukumar.CredAvenue plans to use the funds to expand its business in India and global markets, both organically and inorganically. It also plans to improve its tech capabilities by investing in AI, machine learning, and data analytics.‚ÄúAt US$1.9 trillion, the Indian debt market is still underserved. CredAvenue helps automate and increase efficiency across the value chain,‚Äù Insight Partners managing director Nikhil Sachdev said in a statement.Last September, CredAvenue raised US$90 million in a Sequoia Capital India-led series A round, where Lightspeed Ventures, TVS Capital Funds, Lightrock, Cred, and Stride Ventures also participated.See also: A list of India‚Äôs unicorns and their early investors (Updated) Currency converted from Indian rupee to US dollar: US$1 = 75.51 rupees.","CredAvenue, which connects firms with lenders and investors, has facilitated the lending of US$11 billion to date.",580372,Kul Bhushan,True,Samreen Ahmad and Arpit Nayak,0,"['Fintech', 'Investments', 'News', 'Startups']","['B Capital Group', 'CredAvenue', 'Dragoneer', 'Funding', 'funding brief', 'India', 'Insight Partners', 'startups in india']",False,,True,False,True,False,1
681468,2022-03-07T12:15:22,The leading Asian tech players eyeing an IPO in 2022 and beyond (Updated),leading-asian-tech-players-eyeing-ipo-2021,post,"This is the latest version of the article that was previously updated on February 17, 2022. Many startups dream about going public. It allows them to raise much more capital than from private equity investors and venture capital firms. Equity mutual funds in the US alone manage US$8.4 trillion domestically- that‚Äôs six times the comparable value handled by buyout funds and 18 times what venture capital oversee.Recently, there seems to be a rush for an initial public offering among tech startups. Among US companies, some of the biggest-ever tech IPOs by capital raised took place in 2020. Food delivery platform DoorDash and vacation rental firm Airbnb listed last December, while software provider Snowflake went public in September.Sea listed on NYSE / Photo credit: NYSEIn Asia, some tech startups that did an IPO last year include short-video platform and TikTok rival Kuaishou, which raised US$5.4 billion in its Hong Kong listing in January 2021, and JD.com, which raised US$3.8 billion in its secondary listing, also in Hong Kong.Asian firms are increasingly opting for IPOs as tech stocks boomed amid the pandemic. As such, several startups in the region are looking to strike while the iron‚Äôs hot.Tech in Asia‚Äôs analysis shows that 95 tech startups across China, India, and Southeast Asia are reportedly planning for an IPO this year and beyond. Out of this number, 40 startups could collectively raise over US$27.83 billion.However, this figure could potentially surpass US$23.24 billion since heavyweights like Traveloka and ByteDance haven‚Äôt set or disclosed their target fundraising amounts.Most of the Asian startups looking to list on the bourses come from the ecommerce space, followed by fintech, artificial intelligence, and ride-hailing.Our analysis also shows that the US is one of the most sought-after destinations for these companies, especially for Southeast Asian firms. This isn‚Äôt surprising, given the success of New York Stock Exchange-listed Sea Group, which currently has a market valuation of over US$120 billion. That‚Äôs several times larger than any of the top tech firms in the region.Meanwhile, most Indian companies are choosing to go public in their home markets, except for Walmart-owned ecommerce player Flipkart, fintech merchants platform Pine Labs, and advertising tech startup InMobi, which want to list on the US stock market.Following the US and Indian markets is the Hong Kong Stock Exchange, which is seeing more homecoming listings from Chinese firms. This is a change from a few years earlier, when Chinese companies favored listing on the US stock exchanges.One reason for this could be the heightened political tensions between China and the US, which drove Chinese tech firms to seek out exchanges closer to home.These companies could also be concerned about being removed from US stock markets. Semiconductor Manufacturing International Corporation, one of China‚Äôs major chipmakers, ceased its trading shares in the US in January after it was added to a trade blacklist by the US government.In December 2020, the US House of Representatives passed a bill that allows the delisting of Chinese firms that don‚Äôt let US inspectors review their auditors‚Äô work for three consecutive years. The legislation was adopted by the US Securities and Exchange Commission in March.Soaring SPACsSome startups are choosing a different route to go public. Last year, blank-check or special purpose acquisition companies (SPAC) IPOs accounted for most of the growth in the IPO market in the US compared to 2019.Listing via a SPAC is less time-consuming, taking around six months instead of the usual six to nine months for a traditional IPO. Going the blank-check route also offers upfront liquidity and greater certainty around valuation.While only a minority of firms are considering a SPAC, some of Southeast Asia‚Äôs leading tech startups, such as Traveloka and GoTo Group, are taking this alternative. The only company outside the region that might opt to merge with a blank-check firm for a US listing is India‚Äôs Flipkart.As soon as these tech startups go public, their early investors can finally cash out and make a fortune.Doris Yu had initially worked on this story.","There are over 95 tech startups across the region planning an IPO, and 40 of them could collectively raise over US$27.83 billion.",470877,Deepti Sri,True,"Collin Furtado, Terence Lee, and Eileen C. Ang",4,"['Premium Content', 'Startups', 'Visual Stories']","['Asian tech startup IPOs', 'Gojek', 'Grab', 'SPAC']",False,,True,True,True,False,3
736270,2022-03-07T10:37:30,East Ventures leads $20m funding for SG lifestyle startup,mighty-jaxx-20-million-series-a-funding,post,"Mighty Jaxx, a Singapore-based manufacturer of collectibles and lifestyle products, has raised US$20 million in the first close of its series A+ funding round led by East Ventures. The fundraise also saw participation from Mirana Ventures, KB Investment, and Korea Investment Partners.The deal pushed the company‚Äôs total funding raised to date to US$34.8 million and pegged its valuation at over US$200 million.Mighty Jaxx founder Jackson Aw / Photo credit: Jackson AwFounded in 2012 by serial entrepreneur Jackson Aw, Mighty Jaxx designs and manufactures digital and physical collectible items. It currently sells millions of products every year, and it partners with global brands such as Adidas, Netflix, Hasbro, and Nickelodeon.Mighty Jaxx plans to leverage East Ventures‚Äô expertise and connections in Southeast Asia to grow its presence. It also wants to develop capabilities in digital collectibles amid the metaverse and Web3 hype with the support of Mirana Ventures.See also: Are SEA‚Äôs tech VCs missing out on the crypto craze?The firm currently has offices in Singapore, China, London, and Los Angeles. It aims to use the fresh funding to expand to more countries in Southeast Asia.Other investors in Mighty Jaxx‚Äôs latest round include:Easternwind InternationalPan Solar VenturesTeja Ventures","After the fundraise, Mighty Jaxx plans to develop capabilities in digital collectibles amid the metaverse and Web3 hype.",86192,Aditya Hadi Pratama,True,Miguel Cordon and Lorenzo Kyle Subido,0,"['Blockchain', 'Investments', 'News', 'Startups']","['East Ventures', 'Easternwind International', 'jackson aw', 'KB Investment', 'Korea Invesment Partners', 'mighty jaxx', 'Mirana Ventures', 'Pan Solar Ventures', 'Singapore', 'teja ventures']",False,,True,False,True,False,1
736327,2022-03-07T10:36:38,üáÆüá≥ Roundup: EV startup Yulu to raise $100m,india-roundup-yulu-aims-100-million-funding,post,"Startups in India, including CredAvenue, Otipy, Gamerji, PensionBox, and Deeptek, raised at least US$170.3 million in funding today from local and international investors.Here‚Äôs a snapshot of the fundraising:Here‚Äôs some important tech news from India today:Electric scooter startup Yulu to raise US$100 millionThe company plans to increase its number of electric scooters by 10x to 100,000 by the end of this year. Yulu also aims to launch a franchisee model to reach new cities and cater to personal buyers.Yulu claims it is the largest shared electric mobility platform in India, having overseen 3 million battery swaps since its inception in 2017. It aims to hit 3 million swaps per month by the end of this year.To date, the firm has raised US$30 million in equity.Follow the rest of our India coveragehere.","Also, lending marketplace CredAvenue and fresh-produce firm Otipy, among others, raise new capital.",86192,Aditya Hadi Pratama,True,Deepti Sri and Arpit Nayak,0,"['Investments', 'News', 'Startups']","['CredAvenue', 'deeptek', 'gamerji', 'India Roundup', 'Otipy', 'pensionbox', 'yulu']",False,,True,False,True,False,1
736209,2022-03-07T09:55:02,Indian agritech firm raises $32m in series B money,indian-agritech-firm-raises-32m-series-funding,post,"India-based Otipy, an ecommerce platform for farm produce,has raised US$32 million in its series B round led by Westbridge Capital, with existing investors SIG and Omidyar Network Indiaparticipating.Photo credit: OtipyOperated by Crofarm Agriproducts, Otipy offers an alternative supply chain that connects farmers directly with businesses and customers. It takes bookings from customers before it harvests, allowing the company to identify places where the produce needs to go after they are picked. It also provides group buying services.The company says that it has over 500,000 users in India. It adds that it has the lowest waste rate in the industry at 3%.Otipy was launched in 2020 by Varun Khurana, former chief technology officer of Grofers.‚ÄúThe series B round of funding will support us as we expand to new pin codes, strengthen our supply chain, invest in cutting-edge tech, add product categories, and accelerate our mission of making fresh, nutritious food accessible to all,‚Äù said Khurana.See also: The key players in Indonesia‚Äôs promising agritech spaceThe latest fundraise comes months after Otipy banked US$10.2 million in a SIG-led raise. Omidyar Network India, InnoVen Capital, and existing investors Inflection Point Ventures, Pravega, and FactorE also participated in the round.",Otipy offers an alternative supply chain that connects farmers directly with businesses and customers.,572228,Roehl Ni√±o Bautista,True,Deepti Sri and Lorenzo Kyle Subido,0,"['Business-to-business', 'Investments', 'News', 'Startups']","['agritech', 'agritech in India', 'Crofarm', 'Omidyar', 'otify', 'SIG', 'WestBridge Capital']",False,,True,False,True,False,1
736249,2022-03-07T09:31:00,Indonesian edtech firm bags funding from MDI Ventures,zenius-funding-mdi-ventures,post,"Zenius, an Indonesia-based education technology startup, has raised an undisclosed amount of funding from MDI Ventures ‚Äì the VC arm of Telkom Indonesia ‚Äì as well as Northstar Group, Alpha JWC Ventures, Openspace Ventures, and Beacon Venture Capital.The deal pushes the total amount raised by the startup to US$40 million.Zenius CEO Rohan Monga / Photo credit: ZeniusZenius provides learning material for K-12 students in Indonesia. Founded in 2004 by Sabda PS and Medy Suharta, it‚Äôs currently helmed by Rohan Monga, who previously served as COO of Gojek.In 2020, it secured US$20 million in a series A round led by Northstar Group. Between June 2019 and June 2021, the firm said that its app was accessed by more than 20 million users.Last month, Zenius acquired local offline tutoring giant Primagama for an undisclosed amount. The startup has also partnered with Disney to create primary school learning content and launched learning platform for professional called ZenPro.The company will use the fresh funds to improve its personalized learning experience. It also wants to leverage the connection of investor MDI Ventures to establish more partnerships and service distributions across the country.See also: Former Gojek COO attempts to crack Indonesia‚Äôs education problem ",The deal pushes Zenius‚Äô total funding raised to date to US$40 million.,86192,Aditya Hadi Pratama,True,Samreen Ahmad and Lorenzo Kyle Subido,0,"['Investments', 'News', 'Startups']","['alpha jwc ventures', 'Beacon Venture Capital', 'edtech', 'funding brief', 'Indonesia', 'MDI Ventures', 'Northstar Group', 'Openspace Ventures', 'Zenius']",False,,True,False,True,False,1
735904,2022-03-07T09:30:17,The metaverse‚Äôs new realms in Southeast Asia,metaverses-realms-southeast-asia,post,"Sign up for the Daily Newsletter, sent exclusively to our Premium subscribers. We break down the big and messy topics of Asia‚Äôs tech and startup community. Get the newsletter in your inbox everyday with a Premium subscription. Additionally, we‚Äôre commemorating International Women‚Äôs Day this week on Tech in Asia. You can find the great content around the occasion here.Hello reader,You have to hand it to Mark Zuckerberg. When the Facebook founder chose to rename the company‚Äôs parent firm to Meta Platforms to build an alternate digital world known as the metaverse, he was mercilessly criticized.He was considered just another middle-aged tech billionaire chasing a childhood dream, similar to what Amazon‚Äôs Jeff Bezos and Tesla‚Äôs Elon Musk did with space rockets.And yet his timing was impeccable. While Wall Street has been fanning the hype, Southeast Asia has witnessed the quiet rise of metaverse builder RFox. The bootstrapped startup, which was launched right before the crypto boom, plans to create localized metaverses in the region.In today‚Äôs big story, my colleague Nikita decodes the metaverse possibilities through RFox.Today we look at:A Southeast Asian startup that has a well-stocked arsenal in the race to build metaversesA record number of investments flowing into one of Asia‚Äôs fast-emerging sectorsOther newsy highlights such as Grab‚Äôs latest quarterly results, and a Singapore-based social investment platform‚Äôs expansion plans.P.S.: Tech in Asia is celebrating International Women‚Äôs Day this week with lots of great content on the site ‚Äì keep an eye out for it!Premium summaryThe future is hereImage credit: Timmy LoenRFox founder Ben Fairbank describes his version of a metaverse as a big box with hooks, where anyone can plug any application or blockchain into the box.While the Vietnam-headquartered company has been flying under the radar all this while, it may step into the limelight once it launches an immersive retail and entertainment-centric metaverse to the public sometime in the middle of the year.RFox also has a well-stocked arsenal in the battle to build metaverses, where 25% of people will fancy spending at least one hour a day for work, shopping, education, social, or entertainment purposes.Going places: The Valt is a global virtual reality metaverse. RFox aims to create localized Valts next, starting with the Philippines later this year and then moving on to Vietnam and Indonesia. Services such as food courts, clothing businesses, and billboard advertisements will be locally influenced.Deal town: RFox has a tie-up with Lazada Philippines for cashback and rewards that will go live once the Valt is open. The partnership will focus on ecommerce livestreaming, where Lazada will offer an 8% cashback to RFox for every purchase through the livestream content. The metaverse startup is also looking for people who can bring value regarding networking or partnerships.Metaverse user manual: The Valt is looking to attract traffic to its four quarters. Auctions for the virtual plots of two of these areas ‚Äì the art-focused quarter Callinova and gaming district Arkamoto ‚Äì are already over. RFox wants to help businesses set up shop in its virtual world without the need to worry about building an audience from scratch.Read more: The quiet rise of a startup that sold $2.5m of virtual landNews spotlightFleshing out alternative proteinsAsia Pacific is fast emerging as a hotbed for alternative protein startups, with record investments flowing into the sector. Annual capital invested in the region‚Äôs alternative protein startups grew by 92% to US$312 million in 2021.Top dog: Some of the biggest deals in Asia Pacific last year include Singapore-based Next Gen Foods scooping up a record-breaking US$30 million in seed funding and Australia-based V2food raising US$110 million in its series B round.Funding flow: Startups in the plant-based category dominated investments, securing nearly 70% of funds flowing into Asia Pacific‚Äôs alternative protein sector. Firms in this category also secured more money compared to their peers in other regions. Meanwhile, startups in the cultivated meat and fermentation categories received 20% and 10% of investments in the region, respectively.Vegan unicorns: Asia is said to have the potential to become a bona fide hotbed of alternative protein unicorns. Meanwhile, North America may become a minority player in the global plant-based meat sector this year ‚Äì a far cry from when it once accounted for almost 100% of the world‚Äôs alternative protein investments.In partnership withFighting the changing face of fraudFor as long as there‚Äôs been money to be made, fraud has existed, going from tactics like counterfeit money and fake checks to new strategies like identity fraud and promo abuse. As Southeast Asia continues to digitalize, more people are coming online for the first time, creating more opportunities for fraudsters.According to a report by GrabDefence and Forrester, seven out of 10 surveyed organizations experienced fraud in the last 12 months, significantly impacting their businesses. And as firms try to fight fraud, they have to strike a balance between preventing major risks and keeping the customer journey frictionless.Sign up for GrabDefence‚Äôs upcoming webinar, The State of Fraud in Southeast Asia 2022: Insights To Protect Your Business. On March 23, industry experts will weigh in on the region‚Äôs fraud landscape, share insights from the GrabDefence and Forrester report, and discuss recommendations for businesses to enhance their fraud management capabilities.Quick bytes1Ô∏è‚É£ Grab hits speed bumpsGrab saw its revenue plunge by over 44% to US$122 million in the fourth quarter of 2021. This was mainly due to a downturn in its mobility and enterprise and new initiatives segments, which the company attributed to higher consumer incentives for mobility and deliveries.2Ô∏è‚É£ A gem of a dealZignaly, a Singapore-based social investment platform, has secured a US$50 million capital commitment from Luxembourg-based GEM Global Yield Fund. Zignaly will use the funds to expand into Southeast Asia, West Asia, Turkey, India, South America, and Europe.3Ô∏è‚É£ New execs at CarousellCarousell Media Group, the advertising arm of classifieds firm Carousell, has appointed former Twitter, Mediacorp, and Line executives to newly created roles. Saniya Gupta, Kimberly Leng, and Anthony Cheung will report directly to JJ Eastwood, managing director of Carousell Media Group.4Ô∏è‚É£ Guilt-free calamariSingapore-based Umami Meats, a foodtech firm focused on sustainable seafood, has raised US$2.4 million in a pre-seed round co-led by Better Bite Ventures and Genedant. The startup cultivates seafood by establishing production-ready cell lines from multiple fish species and leveraging its growth serum.5Ô∏è‚É£ Please don‚Äôt stop the contentIndia-based Pocket FM, an audio over-the-top platform, has raised US$65 million in a series C funding round led by Goodwater Capital, Naver, and Tanglin Venture Partners. The startup offers more than 100,000 hours of content ‚Äì which include audio series, stories, novels, and podcasts ‚Äì in eight Indian languages.6Ô∏è‚É£ ComfortDelGro hits the brakes on super appZig, the super app contender of Singapore taxi operator ComfortDelGro, is shutting down its platform and moving its services over to its parent firm‚Äôs main app. ComfortDelGro currently runs the largest taxi fleet in Singapore and has a little over 40,000 taxis available globally.","We spotlight a Southeast Asian startup with a well-stocked arsenal in the metaverse race, and the funding bonanza in Asia‚Äôs alternative proteins market.",470877,Deepti Sri,True,Lorenzo Kyle Subido,0,['Newsletters'],"['alternative meat', 'alternative proteins', 'alternative proteins startups', 'audio platform', 'audiotech', 'Australia startups', 'blockchain', 'Carousell', 'Carousell Media Group', 'comfortdelgro', 'defi', 'ecommerce metaverse', 'Foodtech', 'foodtech startups', 'global metaverse', 'Grab', 'grab earnings', 'hiring', 'kogs', 'metaverse builder', 'metaverse gaming', 'metaverse retail', 'metaverse shopping', 'metaverse venture builder', 'next gen foods', 'NFTs', 'NFTs southeast asia', 'plant-based food', 'plant-based food startups', 'plant-based protein', 'play to earn', 'play to eat', 'pocket fm', 'redfox', 'redfox labs', 'refox vietnam', 'RFOX', 'rfox finance', 'rfox games', 'rfox media', 'rfox TV', 'SEA metaverse', 'Singapore Startups', 'southeast asia metaverse', 'Startup Funding', 'Startup Fundraising', 'sustainable food', 'sustainable seafood', 'Umami Meats', 'V2food', 'vfox', 'vietnam blockchain', 'vietnam metaverse', 'Vietnam Startups', 'VR gaming', 'VR metaverse', 'zig', 'Zignaly']",False,,True,False,True,False,6
736279,2022-03-07T09:18:25,Make Earth greener as a Tech in Asia Partner,earth-greener-tech-asia-partner,post,"Tech in Asia has been committed to being a carbon-neutral business since 2019. We have optimized our own practices to be energy-efficient, increased news coverage on climate tech, as well as partnered with nonprofit organization Cool Effect to back green projects in India, Indonesia, and China. Most recently, we launched The Offset, a monthly newsletter that breaks down the biggest stories and trends in greentech.But there‚Äôs only so much we can do alone.Firms in Asia have the lowest environmental, social, and governance (ESG) transparency rate, sitting at just 5% while their European peers peak at 17.8%. As we progress toward building a sustainable economy and environment, disclosure and benchmarking help organizations stay in sync with market and consumer needs while identifying and tackling potential risks.If you‚Äôre on the lookout for avenues to measure, manage, and contribute to environmental sustainability, here are a few ways Tech in Asia can work with you.Tech in Asia x CDPTech in Asia has partnered with CDP ‚Äì a global nonprofit that runs the world‚Äôs environmental disclosure system for investors, companies, cities, states, and regions ‚Äì to improve our social impact in Asia. CDP works with more than 590 investors that have over US$110 trillion in assets and provides the most comprehensive set of environmental data aligned with the Task Force on Financial-Related Climate Disclosures‚Äô framework.Our work with CDP will help tech companies understand their environmental impact and tie it in ways to become more sustainable, and we need as many hands on deck as possible to make this happen.Raising ESG awareness to Asia‚Äôs tech communityWe also want to use our influence to raise awareness of ESG initiatives by the tech community. Starting April 18, Tech in Asia will be conducting a weeklong Earth Day campaign that highlights how people are using technology, innovation, and refreshed business models to contribute to environmental sustainability and social impact.As an Earth Day partner, we‚Äôll co-create meaningful content and campaigns that leverage Tech in Asia‚Äôs strength of storytelling while reaching out to Asia‚Äôs largest tech community. Whether you are a startup, investor, accelerator, incubator, institution, or a government body, let us know how we can collaborate.Learn more about being an Earth Day partner with Tech in Asia by filling out the form below.",Bring Asia‚Äôs ESG efforts to the fore by sponsoring TIA‚Äôs 2022 Earth Day campaign.,27301,Hui Min Cheong,True,Lorenzo Kyle Subido,0,['News'],"['carbon neutral', 'disclosure', 'earth day', 'environment', 'ESG', 'sustainability']",False,,True,False,True,False,2
